a√±o, destino, vuelos_totales,tiempo_atrasado_promedio_arribo, atrasos_totales_arribo, CarrierDelay,WeatherDelay,NASDelay,SecurityDelay,LateAircraftDelay  
1998, ABE, 6233, 1368, 39.65423, 214, 0, 0, 0, 0, 0
1998, ABQ, 36323, 7131, 44.36095, 319, 0, 0, 0, 0, 0
1998, ACK, 22, 15, 41.26666, 1, 0, 0, 0, 0, 0
1998, ADQ, 725, 200, 33.90500, 30, 0, 0, 0, 0, 0
1998, AGS, 1907, 418, 39.21052, 49, 0, 0, 0, 0, 0
1998, AKN, 431, 97, 34.85567, 12, 0, 0, 0, 0, 0
1998, ALB, 11280, 2494, 42.83440, 304, 0, 0, 0, 0, 0
1998, AMA, 4850, 1082, 43.86506, 47, 0, 0, 0, 0, 0
1998, ANC, 20545, 5800, 39.33724, 769, 0, 0, 0, 0, 0
1998, ATL, 255287, 57316, 41.98429, 5670, 0, 0, 0, 0, 0
1998, AUS, 39536, 7339, 42.57828, 668, 0, 0, 0, 0, 0
1998, AVL, 1783, 270, 39.51111, 46, 0, 0, 0, 0, 0
1998, AVP, 1795, 332, 39.07530, 45, 0, 0, 0, 0, 0
1998, AZO, 1560, 411, 38.11435, 123, 0, 0, 0, 0, 0
1998, BDL, 26446, 5663, 41.50520, 653, 0, 0, 0, 0, 0
1998, BET, 985, 194, 37.26288, 31, 0, 0, 0, 0, 0
1998, BFL, 240, 57, 50.28070, 1, 0, 0, 0, 0, 0
1998, BGM, 1046, 196, 36.84693, 31, 0, 0, 0, 0, 0
1998, BGR, 1095, 232, 42.53879, 17, 0, 0, 0, 0, 0
1998, BHM, 19492, 3559, 41.77999, 346, 0, 0, 0, 0, 0
1998, BIL, 2878, 735, 43.11156, 114, 0, 0, 0, 0, 0
1998, BIS, 1414, 395, 46.45316, 94, 0, 0, 0, 0, 0
1998, BNA, 51236, 8668, 45.37413, 767, 0, 0, 0, 0, 0
1998, BOI, 11658, 2209, 50.60434, 94, 0, 0, 0, 0, 0
1998, BOS, 98422, 27097, 44.49828, 4040, 0, 0, 0, 0, 0
1998, BRO, 363, 61, 43.81967, 7, 0, 0, 0, 0, 0
1998, BRW, 946, 208, 37.21153, 51, 0, 0, 0, 0, 0
1998, BTR, 4677, 833, 43.54381, 125, 0, 0, 0, 0, 0
1998, BTV, 2738, 812, 45.32142, 47, 0, 0, 0, 0, 0
1998, BUF, 18075, 4225, 45.08994, 557, 0, 0, 0, 0, 0
1998, BUR, 28094, 6509, 43.20878, 676, 0, 0, 0, 0, 0
1998, BWI, 69992, 13166, 46.68471, 1093, 0, 0, 0, 0, 0
1998, BZN, 1945, 508, 41.65944, 75, 0, 0, 0, 0, 0
1998, CAE, 5616, 1040, 42.24038, 94, 0, 0, 0, 0, 0
1998, CAK, 1075, 188, 34.57978, 28, 0, 0, 0, 0, 0
1998, CDV, 720, 181, 45.29281, 9, 0, 0, 0, 0, 0
1998, CHA, 1089, 209, 37.11961, 45, 0, 0, 0, 0, 0
1998, CHS, 7231, 1567, 41.71857, 86, 0, 0, 0, 0, 0
1998, CID, 5526, 1273, 39.80675, 303, 0, 0, 0, 0, 0
1998, CLE, 61070, 12130, 44.50420, 1432, 0, 0, 0, 0, 0
1998, CLT, 124970, 20419, 38.59532, 2958, 0, 0, 0, 0, 0
1998, CMH, 39734, 8925, 45.73904, 982, 0, 0, 0, 0, 0
1998, COS, 12237, 2756, 44.27467, 332, 0, 0, 0, 0, 0
1998, CRP, 3067, 659, 40.92867, 49, 0, 0, 0, 0, 0
1998, CRW, 1649, 377, 31.78249, 118, 0, 0, 0, 0, 0
1998, CVG, 80616, 13386, 36.87927, 1779, 0, 0, 0, 0, 0
1998, DAB, 2936, 568, 41.93309, 12, 0, 0, 0, 0, 0
1998, DAL, 48238, 8688, 36.95465, 1269, 0, 0, 0, 0, 0
1998, DAY, 10556, 2283, 42.52562, 307, 0, 0, 0, 0, 0
1998, DCA, 83837, 16925, 36.13382, 3206, 0, 0, 0, 0, 0
1998, DEN, 136362, 26324, 45.35002, 2325, 0, 0, 0, 0, 0
1998, DFW, 244049, 38094, 42.05163, 5636, 0, 0, 0, 0, 0
1998, DLG, 397, 95, 38.97894, 6, 0, 0, 0, 0, 0
1998, DLH, 1245, 362, 29.66574, 133, 0, 0, 0, 0, 0
1998, DRO, 110, 19, 40.78947, 1, 0, 0, 0, 0, 0
1998, DSM, 7023, 1512, 47.71428, 153, 0, 0, 0, 0, 0
1998, DTW, 153436, 38017, 39.06597, 11163, 0, 0, 0, 0, 0
1998, DUT, 675, 263, 24.82129, 121, 0, 0, 0, 0, 0
1998, EGE, 1279, 344, 47.62500, 15, 0, 0, 0, 0, 0
1998, ELM, 1325, 203, 36.51724, 24, 0, 0, 0, 0, 0
1998, ELP, 25046, 4707, 42.94455, 261, 0, 0, 0, 0, 0
1998, ERI, 1403, 232, 42.53017, 22, 0, 0, 0, 0, 0
1998, EUG, 2271, 743, 65.89502, 21, 0, 0, 0, 0, 0
1998, EWR, 120209, 32433, 53.54678, 4345, 0, 0, 0, 0, 0
1998, FAI, 5396, 1284, 39.98987, 109, 0, 0, 0, 0, 0
1998, FAR, 2385, 708, 36.32909, 195, 0, 0, 0, 0, 0
1998, FAT, 1155, 264, 42.39393, 16, 0, 0, 0, 0, 0
1998, FAY, 1469, 225, 32.66222, 51, 0, 0, 0, 0, 0
1998, FCA, 1005, 205, 40.97560, 29, 0, 0, 0, 0, 0
1998, FLL, 41373, 8488, 47.84154, 382, 0, 0, 0, 0, 0
1998, FNT, 1390, 414, 39.78019, 107, 0, 0, 0, 0, 0
1998, FSD, 3882, 1076, 39.82342, 180, 0, 0, 0, 0, 0
1998, FWA, 1426, 334, 35.40119, 71, 0, 0, 0, 0, 0
1998, GEG, 14176, 2743, 44.97557, 180, 0, 0, 0, 0, 0
1998, GFK, 1129, 326, 32.79141, 97, 0, 0, 0, 0, 0
1998, GGG, 1, 1, 0, , 0, 0, 0, 0, 0
1998, GPT, 275, 34, 32.82352, 8, 0, 0, 0, 0, 0
1998, GRB, 2560, 780, 39.20641, 184, 0, 0, 0, 0, 0
1998, GRR, 8916, 2419, 40.37205, 502, 0, 0, 0, 0, 0
1998, GSO, 15046, 3587, 42.69779, 437, 0, 0, 0, 0, 0
1998, GSP, 6946, 1534, 38.31355, 284, 0, 0, 0, 0, 0
1998, GST, 105, 24, 43.04166, 1, 0, 0, 0, 0, 0
1998, GTF, 2420, 516, 33.27131, 117, 0, 0, 0, 0, 0
1998, GUC, 222, 44, 46.77272, , 0, 0, 0, 0, 0
1998, HDN, 641, 135, 37.34814, 12, 0, 0, 0, 0, 0
1998, HLN, 850, 129, 37.24806, 15, 0, 0, 0, 0, 0
1998, HNL, 11558, 3412, 60.81623, 172, 0, 0, 0, 0, 0
1998, HOU, 57146, 10681, 38.84580, 1431, 0, 0, 0, 0, 0
1998, HPN, 4668, 1341, 32.68680, 404, 0, 0, 0, 0, 0
1998, HRL, 4171, 832, 37.84735, 101, 0, 0, 0, 0, 0
1998, HSV, 5913, 1020, 40.18431, 154, 0, 0, 0, 0, 0
1998, IAD, 44002, 10143, 40.86995, 1296, 0, 0, 0, 0, 0
1998, IAH, 125117, 23065, 47.36006, 1594, 0, 0, 0, 0, 0
1998, ICT, 7474, 1625, 45.44492, 222, 0, 0, 0, 0, 0
1998, IDA, 817, 138, 34.58695, 32, 0, 0, 0, 0, 0
1998, ILM, 2119, 387, 35.78294, 62, 0, 0, 0, 0, 0
1998, IND, 33816, 7388, 44.68178, 812, 0, 0, 0, 0, 0
1998, ISP, 2296, 323, 36.37770, 28, 0, 0, 0, 0, 0
1998, ITH, 1325, 202, 33.64356, 17, 0, 0, 0, 0, 0
1998, JAC, 1599, 301, 40.09966, 36, 0, 0, 0, 0, 0
1998, JAN, 9080, 1403, 39.83250, 151, 0, 0, 0, 0, 0
1998, JAX, 22098, 4603, 45.29524, 300, 0, 0, 0, 0, 0
1998, JFK, 42732, 9681, 45.10184, 754, 0, 0, 0, 0, 0
1998, JNU, 4478, 1020, 44.61764, 64, 0, 0, 0, 0, 0
1998, KOA, 733, 219, 49.56164, 1, 0, 0, 0, 0, 0
1998, KTN, 2581, 674, 44.79673, 37, 0, 0, 0, 0, 0
1998, LAN, 2118, 719, 37.53963, 203, 0, 0, 0, 0, 0
1998, LAS, 119417, 28356, 46.36376, 1441, 0, 0, 0, 0, 0
1998, LAX, 184129, 46038, 42.69913, 5419, 0, 0, 0, 0, 0
1998, LBB, 6663, 1115, 37.42421, 119, 0, 0, 0, 0, 0
1998, LEX, 3936, 760, 41.01052, 86, 0, 0, 0, 0, 0
1998, LFT, 160, 41, 43.63414, 1, 0, 0, 0, 0, 0
1998, LGA, 94292, 23214, 42.91651, 3168, 0, 0, 0, 0, 0
1998, LGB, 3118, 782, 41.13554, 45, 0, 0, 0, 0, 0
1998, LIH, 205, 49, 41.69387, , 0, 0, 0, 0, 0
1998, LIT, 13298, 2778, 44.09467, 203, 0, 0, 0, 0, 0
1998, LNK, 2816, 625, 47.89120, 65, 0, 0, 0, 0, 0
1998, LNY, 1, 1, 0, 1, 0, 0, 0, 0, 0
1998, LSE, 631, 170, 35.82352, 57, 0, 0, 0, 0, 0
1998, LWB, 76, 10, 22.00000, 7, 0, 0, 0, 0, 0
1998, MAF, 6470, 1177, 41.81648, 96, 0, 0, 0, 0, 0
1998, MBS, 3927, 1034, 36.91102, 219, 0, 0, 0, 0, 0
1998, MCI, 58489, 12294, 44.77688, 1005, 0, 0, 0, 0, 0
1998, MCO, 92021, 17085, 48.16453, 1113, 0, 0, 0, 0, 0
1998, MDT, 7715, 1803, 45.80144, 205, 0, 0, 0, 0, 0
1998, MDW, 45994, 8780, 42.99498, 1002, 0, 0, 0, 0, 0
1998, MEM, 51377, 9840, 34.90843, 3294, 0, 0, 0, 0, 0
1998, MFE, 3169, 566, 45.65017, 24, 0, 0, 0, 0, 0
1998, MFR, 1358, 509, 67.04518, 21, 0, 0, 0, 0, 0
1998, MGM, 1906, 378, 38.00793, 57, 0, 0, 0, 0, 0
1998, MHT, 9468, 2058, 44.22011, 228, 0, 0, 0, 0, 0
1998, MIA, 64949, 14091, 48.01454, 1162, 0, 0, 0, 0, 0
1998, MKE, 15269, 3710, 39.23504, 724, 0, 0, 0, 0, 0
1998, MLB, 2411, 502, 37.99203, 19, 0, 0, 0, 0, 0
1998, MLI, 1711, 306, 47.10130, 51, 0, 0, 0, 0, 0
1998, MLU, 2188, 349, 48.84527, 24, 0, 0, 0, 0, 0
1998, MOB, 4298, 806, 40.94913, 70, 0, 0, 0, 0, 0
1998, MOT, 1084, 263, 37.28136, 73, 0, 0, 0, 0, 0
1998, MRY, 722, 220, 48.96363, 22, 0, 0, 0, 0, 0
1998, MSN, 4613, 1349, 40.07042, 321, 0, 0, 0, 0, 0
1998, MSO, 1822, 385, 37.18961, 89, 0, 0, 0, 0, 0
1998, MSP, 136665, 33536, 37.35788, 10032, 0, 0, 0, 0, 0
1998, MSY, 49977, 9704, 43.78060, 832, 0, 0, 0, 0, 0
1998, MTJ, 202, 47, 36.72340, 2, 0, 0, 0, 0, 0
1998, MYR, 2407, 471, 37.24416, 49, 0, 0, 0, 0, 0
1998, OAK, 56007, 10900, 40.10311, 830, 0, 0, 0, 0, 0
1998, OGG, 3011, 662, 43.85045, 8, 0, 0, 0, 0, 0
1998, OKC, 20096, 4023, 45.36440, 224, 0, 0, 0, 0, 0
1998, OMA, 16638, 3787, 45.37523, 277, 0, 0, 0, 0, 0
1998, OME, 934, 268, 35.96641, 42, 0, 0, 0, 0, 0
1998, ONT, 35422, 8009, 42.79323, 673, 0, 0, 0, 0, 0
1998, ORD, 294910, 65873, 47.47624, 10117, 0, 0, 0, 0, 0
1998, ORF, 16333, 3702, 43.58779, 466, 0, 0, 0, 0, 0
1998, OTZ, 894, 222, 38.07657, 42, 0, 0, 0, 0, 0
1998, PBI, 22024, 5152, 47.73272, 222, 0, 0, 0, 0, 0
1998, PDX, 55743, 12437, 43.94934, 1057, 0, 0, 0, 0, 0
1998, PHL, 112034, 27236, 41.87832, 3357, 0, 0, 0, 0, 0
1998, PHX, 170964, 42020, 46.34109, 3335, 0, 0, 0, 0, 0
1998, PIT, 110135, 19127, 40.31939, 3080, 0, 0, 0, 0, 0
1998, PNS, 6523, 1199, 39.47122, 142, 0, 0, 0, 0, 0
1998, PSC, 1456, 204, 41.11764, 21, 0, 0, 0, 0, 0
1998, PSG, 726, 244, 41.92622, 22, 0, 0, 0, 0, 0
1998, PSP, 4211, 1061, 45.72478, 35, 0, 0, 0, 0, 0
1998, PVD, 21741, 4268, 44.76265, 277, 0, 0, 0, 0, 0
1998, PWM, 6615, 1490, 43.25906, 154, 0, 0, 0, 0, 0
1998, RAP, 1121, 309, 35.11650, 90, 0, 0, 0, 0, 0
1998, RDU, 27638, 6092, 43.32994, 728, 0, 0, 0, 0, 0
1998, RIC, 15103, 3291, 41.40504, 503, 0, 0, 0, 0, 0
1998, RNO, 26269, 5734, 46.88768, 298, 0, 0, 0, 0, 0
1998, ROA, 2492, 440, 33.20909, 91, 0, 0, 0, 0, 0
1998, ROC, 14614, 3319, 42.94305, 449, 0, 0, 0, 0, 0
1998, RST, 2279, 601, 36.81530, 139, 0, 0, 0, 0, 0
1998, RSW, 14043, 3207, 44.35859, 157, 0, 0, 0, 0, 0
1998, SAN, 67143, 16386, 44.21060, 1253, 0, 0, 0, 0, 0
1998, SAT, 37476, 7339, 43.37484, 415, 0, 0, 0, 0, 0
1998, SAV, 5132, 1024, 39.60156, 61, 0, 0, 0, 0, 0
1998, SBA, 1430, 476, 67.88025, 39, 0, 0, 0, 0, 0
1998, SBN, 3357, 646, 35.67182, 137, 0, 0, 0, 0, 0
1998, SCC, 516, 117, 44.04273, 26, 0, 0, 0, 0, 0
1998, SDF, 24116, 5149, 44.57719, 467, 0, 0, 0, 0, 0
1998, SEA, 98318, 25794, 42.79084, 2165, 0, 0, 0, 0, 0
1998, SFO, 139884, 48814, 55.90977, 5960, 0, 0, 0, 0, 0
1998, SGF, 1813, 264, 44.17424, 40, 0, 0, 0, 0, 0
1998, SHV, 3884, 619, 45.63812, 69, 0, 0, 0, 0, 0
1998, SIT, 1324, 295, 41.61694, 13, 0, 0, 0, 0, 0
1998, SJC, 49189, 10395, 40.17133, 748, 0, 0, 0, 0, 0
1998, SJU, 20268, 4425, 49.11389, 354, 0, 0, 0, 0, 0
1998, SLC, 85080, 15562, 42.16270, 1456, 0, 0, 0, 0, 0
1998, SMF, 36434, 7613, 44.63759, 269, 0, 0, 0, 0, 0
1998, SNA, 34624, 6960, 36.48879, 719, 0, 0, 0, 0, 0
1998, SRQ, 5986, 1367, 42.16752, 82, 0, 0, 0, 0, 0
1998, STL, 176001, 38496, 48.58910, 4493, 0, 0, 0, 0, 0
1998, STT, 2215, 430, 44.50465, 31, 0, 0, 0, 0, 0
1998, STX, 984, 201, 42.73134, 22, 0, 0, 0, 0, 0
1998, SUX, 687, 186, 34.45698, 50, 0, 0, 0, 0, 0
1998, SWF, 1929, 531, 45.85310, 25, 0, 0, 0, 0, 0
1998, SYR, 11144, 2578, 41.20093, 365, 0, 0, 0, 0, 0
1998, TLH, 2483, 507, 38.66272, 63, 0, 0, 0, 0, 0
1998, TOL, 1894, 424, 44.41037, 43, 0, 0, 0, 0, 0
1998, TPA, 54579, 11650, 49.04094, 672, 0, 0, 0, 0, 0
1998, TRI, 1404, 231, 32.30735, 52, 0, 0, 0, 0, 0
1998, TUL, 18768, 3861, 46.17119, 228, 0, 0, 0, 0, 0
1998, TUS, 18317, 4260, 45.38755, 252, 0, 0, 0, 0, 0
1998, TVC, 1000, 341, 37.15542, 88, 0, 0, 0, 0, 0
1998, TYS, 8250, 1926, 37.27050, 357, 0, 0, 0, 0, 0
1998, VPS, 1085, 255, 47.00784, 77, 0, 0, 0, 0, 0
1998, WRG, 726, 235, 43.03404, 23, 0, 0, 0, 0, 0
1998, YAK, 726, 199, 45.43718, 14, 0, 0, 0, 0, 0
1999, ABE, 6089, 1437, 43.69798, 234, 0, 0, 0, 0, 0
1999, ABQ, 37281, 7535, 43.72780, 292, 0, 0, 0, 0, 0
1999, ADQ, 725, 206, 41.26699, 39, 0, 0, 0, 0, 0
1999, AGS, 1452, 317, 38.82018, 40, 0, 0, 0, 0, 0
1999, AKN, 343, 107, 42.12149, 14, 0, 0, 0, 0, 0
1999, ALB, 11664, 3086, 43.91769, 427, 0, 0, 0, 0, 0
1999, AMA, 4789, 1160, 43.48534, 100, 0, 0, 0, 0, 0
1999, ANC, 20808, 6552, 37.65323, 1121, 0, 0, 0, 0, 0
1999, ATL, 263478, 65858, 44.14885, 7554, 0, 0, 0, 0, 0
1999, AUS, 44339, 8638, 43.71428, 870, 0, 0, 0, 0, 0
1999, AVL, 1423, 223, 29.27354, 70, 0, 0, 0, 0, 0
1999, AVP, 1720, 439, 40.47380, 87, 0, 0, 0, 0, 0
1999, AZO, 1648, 314, 46.06369, 48, 0, 0, 0, 0, 0
1999, BDL, 31888, 7396, 43.01879, 981, 0, 0, 0, 0, 0
1999, BET, 1030, 282, 47.44326, 48, 0, 0, 0, 0, 0
1999, BFL, 241, 67, 47.41791, 1, 0, 0, 0, 0, 0
1999, BGM, 1035, 265, 33.42264, 61, 0, 0, 0, 0, 0
1999, BGR, 178, 43, 39.90697, 11, 0, 0, 0, 0, 0
1999, BHM, 20926, 4078, 45.35115, 340, 0, 0, 0, 0, 0
1999, BIL, 2906, 580, 47.78793, 46, 0, 0, 0, 0, 0
1999, BIS, 1421, 277, 47.77978, 11, 0, 0, 0, 0, 0
1999, BNA, 54544, 10259, 46.02339, 763, 0, 0, 0, 0, 0
1999, BOI, 11508, 2101, 48.86244, 49, 0, 0, 0, 0, 0
1999, BOS, 107768, 31487, 44.39124, 6077, 0, 0, 0, 0, 0
1999, BRO, 93, 15, 33.26666, 3, 0, 0, 0, 0, 0
1999, BRW, 952, 261, 35.54406, 81, 0, 0, 0, 0, 0
1999, BTR, 4669, 679, 43.81296, 42, 0, 0, 0, 0, 0
1999, BTV, 2676, 913, 45.52026, 88, 0, 0, 0, 0, 0
1999, BUF, 18906, 5432, 43.90868, 776, 0, 0, 0, 0, 0
1999, BUR, 27869, 5795, 40.65918, 538, 0, 0, 0, 0, 0
1999, BWI, 81680, 19343, 46.70035, 1736, 0, 0, 0, 0, 0
1999, BZN, 1708, 416, 45.69230, 8, 0, 0, 0, 0, 0
1999, CAE, 4843, 1138, 34.69859, 198, 0, 0, 0, 0, 0
1999, CAK, 1018, 225, 38.95555, 52, 0, 0, 0, 0, 0
1999, CDV, 725, 229, 47.56768, 19, 0, 0, 0, 0, 0
1999, CHA, 1008, 187, 40.15508, 44, 0, 0, 0, 0, 0
1999, CHS, 6975, 1794, 41.35507, 235, 0, 0, 0, 0, 0
1999, CID, 5368, 1147, 41.85963, 240, 0, 0, 0, 0, 0
1999, CLE, 58435, 13413, 46.22545, 1463, 0, 0, 0, 0, 0
1999, CLT, 120591, 24997, 39.63955, 4770, 0, 0, 0, 0, 0
1999, CMH, 37359, 8736, 44.53079, 1059, 0, 0, 0, 0, 0
1999, COS, 12068, 2920, 46.67534, 317, 0, 0, 0, 0, 0
1999, CRP, 3016, 593, 41.08431, 58, 0, 0, 0, 0, 0
1999, CRW, 1319, 360, 36.11666, 91, 0, 0, 0, 0, 0
1999, CVG, 77354, 13356, 39.96099, 1885, 0, 0, 0, 0, 0
1999, DAB, 2364, 500, 46.71200, 25, 0, 0, 0, 0, 0
1999, DAL, 50114, 9122, 39.22286, 1446, 0, 0, 0, 0, 0
1999, DAY, 10683, 2494, 42.83640, 408, 0, 0, 0, 0, 0
1999, DCA, 82289, 19202, 37.04655, 3970, 0, 0, 0, 0, 0
1999, DEN, 135811, 25517, 45.20119, 2448, 0, 0, 0, 0, 0
1999, DFW, 245144, 46874, 44.74546, 7473, 0, 0, 0, 0, 0
1999, DLG, 317, 88, 44.44318, 9, 0, 0, 0, 0, 0
1999, DLH, 1129, 221, 39.27149, 49, 0, 0, 0, 0, 0
1999, DRO, 112, 20, 51.60000, 1, 0, 0, 0, 0, 0
1999, DSM, 6896, 1484, 47.92924, 138, 0, 0, 0, 0, 0
1999, DTW, 154197, 28628, 48.92905, 4582, 0, 0, 0, 0, 0
1999, DUT, 706, 329, 22.27051, 181, 0, 0, 0, 0, 0
1999, EGE, 1128, 346, 63.06358, 27, 0, 0, 0, 0, 0
1999, ELM, 1306, 236, 39.41525, 38, 0, 0, 0, 0, 0
1999, ELP, 24656, 4929, 42.47981, 195, 0, 0, 0, 0, 0
1999, ERI, 1371, 304, 38.96710, 53, 0, 0, 0, 0, 0
1999, EUG, 2174, 551, 63.34482, 17, 0, 0, 0, 0, 0
1999, EWR, 125816, 39889, 52.16759, 5880, 0, 0, 0, 0, 0
1999, FAI, 5511, 1602, 38.02808, 222, 0, 0, 0, 0, 0
1999, FAR, 2577, 485, 44.58762, 36, 0, 0, 0, 0, 0
1999, FAT, 363, 110, 52.15454, 5, 0, 0, 0, 0, 0
1999, FAY, 1412, 290, 30.54827, 109, 0, 0, 0, 0, 0
1999, FCA, 1148, 183, 48.31147, 13, 0, 0, 0, 0, 0
1999, FLL, 45756, 12017, 47.65365, 762, 0, 0, 0, 0, 0
1999, FNT, 1248, 339, 43.39823, 27, 0, 0, 0, 0, 0
1999, FSD, 3866, 673, 48.50817, 35, 0, 0, 0, 0, 0
1999, FWA, 432, 74, 26.08108, 19, 0, 0, 0, 0, 0
1999, GEG, 13500, 2800, 45.62071, 179, 0, 0, 0, 0, 0
1999, GFK, 1105, 222, 49.98198, 17, 0, 0, 0, 0, 0
1999, GPT, 1092, 96, 48.40625, 3, 0, 0, 0, 0, 0
1999, GRB, 2428, 479, 46.49269, 43, 0, 0, 0, 0, 0
1999, GRR, 8794, 1975, 44.78329, 261, 0, 0, 0, 0, 0
1999, GSO, 15038, 4046, 44.11418, 572, 0, 0, 0, 0, 0
1999, GSP, 6926, 1550, 38.21612, 331, 0, 0, 0, 0, 0
1999, GST, 98, 26, 42.26923, , 0, 0, 0, 0, 0
1999, GTF, 2419, 357, 39.14285, 20, 0, 0, 0, 0, 0
1999, GUC, 213, 57, 49.80701, 5, 0, 0, 0, 0, 0
1999, HDN, 608, 144, 44.88194, 12, 0, 0, 0, 0, 0
1999, HLN, 849, 111, 46.27927, 9, 0, 0, 0, 0, 0
1999, HNL, 11230, 2222, 63.75157, 77, 0, 0, 0, 0, 0
1999, HOU, 57337, 10608, 41.13838, 1083, 0, 0, 0, 0, 0
1999, HPN, 4957, 1613, 36.45505, 459, 0, 0, 0, 0, 0
1999, HRL, 4151, 859, 41.52502, 84, 0, 0, 0, 0, 0
1999, HSV, 5860, 1410, 42.68439, 227, 0, 0, 0, 0, 0
1999, IAD, 70999, 19366, 41.12620, 3173, 0, 0, 0, 0, 0
1999, IAH, 129514, 24642, 48.45962, 2192, 0, 0, 0, 0, 0
1999, ICT, 6400, 1447, 44.77608, 188, 0, 0, 0, 0, 0
1999, ILM, 2074, 496, 41.59879, 73, 0, 0, 0, 0, 0
1999, IND, 34471, 8272, 45.55790, 852, 0, 0, 0, 0, 0
1999, ISP, 6185, 1205, 44.07302, 92, 0, 0, 0, 0, 0
1999, ITH, 1306, 291, 40.56357, 39, 0, 0, 0, 0, 0
1999, JAC, 809, 247, 44.59919, 26, 0, 0, 0, 0, 0
1999, JAN, 9211, 1459, 44.44825, 83, 0, 0, 0, 0, 0
1999, JAX, 23046, 5377, 47.12404, 368, 0, 0, 0, 0, 0
1999, JFK, 45009, 10430, 46.66951, 1122, 0, 0, 0, 0, 0
1999, JNU, 4480, 1285, 45.01011, 91, 0, 0, 0, 0, 0
1999, KOA, 733, 120, 55.33333, 1, 0, 0, 0, 0, 0
1999, KTN, 2440, 778, 44.69280, 64, 0, 0, 0, 0, 0
1999, LAN, 2130, 503, 46.21868, 53, 0, 0, 0, 0, 0
1999, LAS, 125168, 28432, 46.10861, 1234, 0, 0, 0, 0, 0
1999, LAX, 191831, 47207, 42.40695, 5631, 0, 0, 0, 0, 0
1999, LBB, 5997, 1006, 38.93041, 105, 0, 0, 0, 0, 0
1999, LEX, 3756, 893, 42.62486, 120, 0, 0, 0, 0, 0
1999, LFT, 2, 1, 16.00000, , 0, 0, 0, 0, 0
1999, LGA, 98344, 29772, 45.22548, 5138, 0, 0, 0, 0, 0
1999, LGB, 3329, 690, 39.24347, 69, 0, 0, 0, 0, 0
1999, LIH, 403, 54, 58.51851, , 0, 0, 0, 0, 0
1999, LIT, 13036, 2619, 45.80412, 160, 0, 0, 0, 0, 0
1999, LNK, 3034, 612, 46.79411, 57, 0, 0, 0, 0, 0
1999, LSE, 650, 115, 38.91304, 25, 0, 0, 0, 0, 0
1999, LWB, 81, 24, 52.37500, 2, 0, 0, 0, 0, 0
1999, MAF, 6375, 1090, 41.14403, 100, 0, 0, 0, 0, 0
1999, MBS, 3787, 920, 42.66956, 139, 0, 0, 0, 0, 0
1999, MCI, 60188, 12474, 46.01595, 840, 0, 0, 0, 0, 0
1999, MCO, 97911, 21729, 49.04086, 1641, 0, 0, 0, 0, 0
1999, MDT, 7598, 2044, 44.78131, 296, 0, 0, 0, 0, 0
1999, MDW, 50490, 10357, 45.59273, 848, 0, 0, 0, 0, 0
1999, MEM, 50989, 7091, 46.30221, 799, 0, 0, 0, 0, 0
1999, MFE, 3415, 700, 47.80000, 34, 0, 0, 0, 0, 0
1999, MFR, 1300, 377, 60.08222, 21, 0, 0, 0, 0, 0
1999, MGM, 1270, 263, 45.42585, 12, 0, 0, 0, 0, 0
1999, MHT, 12943, 3445, 46.97590, 284, 0, 0, 0, 0, 0
1999, MIA, 66338, 17626, 47.99489, 1868, 0, 0, 0, 0, 0
1999, MKE, 15404, 3473, 42.35761, 497, 0, 0, 0, 0, 0
1999, MLB, 1795, 359, 45.35376, 20, 0, 0, 0, 0, 0
1999, MLI, 1883, 310, 42.10967, 51, 0, 0, 0, 0, 0
1999, MLU, 2179, 438, 50.47488, 17, 0, 0, 0, 0, 0
1999, MOB, 4330, 819, 42.68620, 88, 0, 0, 0, 0, 0
1999, MOT, 1092, 159, 40.31446, 9, 0, 0, 0, 0, 0
1999, MRY, 715, 121, 43.80165, 28, 0, 0, 0, 0, 0
1999, MSN, 4567, 1165, 44.33562, 147, 0, 0, 0, 0, 0
1999, MSO, 2150, 365, 41.47397, 34, 0, 0, 0, 0, 0
1999, MSP, 143415, 25200, 46.73464, 3779, 0, 0, 0, 0, 0
1999, MSY, 49393, 10316, 46.94222, 518, 0, 0, 0, 0, 0
1999, MTJ, 299, 40, 42.30000, , 0, 0, 0, 0, 0
1999, MYR, 2159, 514, 38.71400, 43, 0, 0, 0, 0, 0
1999, OAK, 55489, 10472, 39.67570, 696, 0, 0, 0, 0, 0
1999, OGG, 3049, 445, 56.05393, 9, 0, 0, 0, 0, 0
1999, OKC, 20253, 4011, 45.89030, 209, 0, 0, 0, 0, 0
1999, OMA, 16896, 3658, 45.61016, 161, 0, 0, 0, 0, 0
1999, OME, 923, 293, 39.99317, 52, 0, 0, 0, 0, 0
1999, ONT, 34745, 7576, 42.65100, 474, 0, 0, 0, 0, 0
1999, ORD, 298280, 84514, 47.70075, 16632, 0, 0, 0, 0, 0
1999, ORF, 15971, 4067, 41.19203, 564, 0, 0, 0, 0, 0
1999, OTZ, 890, 284, 37.05633, 52, 0, 0, 0, 0, 0
1999, PBI, 22009, 5887, 48.99898, 417, 0, 0, 0, 0, 0
1999, PDX, 56950, 11856, 44.16894, 771, 0, 0, 0, 0, 0
1999, PHL, 115241, 35021, 42.58430, 5500, 0, 0, 0, 0, 0
1999, PHX, 177690, 39444, 44.63269, 3008, 0, 0, 0, 0, 0
1999, PIA, 538, 82, 47.85365, 16, 0, 0, 0, 0, 0
1999, PIT, 101343, 23052, 40.09578, 4399, 0, 0, 0, 0, 0
1999, PNS, 6097, 1219, 45.72682, 89, 0, 0, 0, 0, 0
1999, PSC, 1443, 161, 41.21118, 21, 0, 0, 0, 0, 0
1999, PSG, 726, 330, 40.55454, 41, 0, 0, 0, 0, 0
1999, PSP, 3945, 1001, 44.75324, 38, 0, 0, 0, 0, 0
1999, PVD, 22937, 5302, 45.51376, 442, 0, 0, 0, 0, 0
1999, PWM, 5924, 1419, 42.47568, 194, 0, 0, 0, 0, 0
1999, RAP, 1195, 205, 55.01463, 8, 0, 0, 0, 0, 0
1999, RDU, 34030, 8303, 45.31916, 920, 0, 0, 0, 0, 0
1999, RIC, 16559, 4101, 42.95293, 603, 0, 0, 0, 0, 0
1999, RNO, 29495, 6678, 44.68119, 290, 0, 0, 0, 0, 0
1999, ROA, 2409, 576, 34.28993, 140, 0, 0, 0, 0, 0
1999, ROC, 14910, 4236, 44.03847, 712, 0, 0, 0, 0, 0
1999, RST, 2195, 557, 44.38061, 94, 0, 0, 0, 0, 0
1999, RSW, 13755, 3430, 46.41574, 126, 0, 0, 0, 0, 0
1999, SAN, 68237, 15370, 43.90962, 1030, 0, 0, 0, 0, 0
1999, SAT, 38058, 7564, 45.54190, 407, 0, 0, 0, 0, 0
1999, SAV, 5082, 1221, 39.58804, 127, 0, 0, 0, 0, 0
1999, SBA, 1679, 392, 62.50000, 24, 0, 0, 0, 0, 0
1999, SBN, 2927, 548, 40.74635, 102, 0, 0, 0, 0, 0
1999, SCC, 588, 200, 36.60500, 62, 0, 0, 0, 0, 0
1999, SDF, 22893, 4740, 47.30738, 390, 0, 0, 0, 0, 0
1999, SEA, 103189, 28897, 42.83603, 2359, 0, 0, 0, 0, 0
1999, SFO, 136995, 40385, 54.45757, 5275, 0, 0, 0, 0, 0
1999, SGF, 2055, 304, 45.62828, 49, 0, 0, 0, 0, 0
1999, SHV, 3883, 666, 46.88738, 62, 0, 0, 0, 0, 0
1999, SIT, 1329, 383, 45.42036, 30, 0, 0, 0, 0, 0
1999, SJC, 56218, 11995, 40.10004, 1037, 0, 0, 0, 0, 0
1999, SJU, 21411, 5156, 51.01493, 484, 0, 0, 0, 0, 0
1999, SLC, 81920, 13670, 42.93701, 1188, 0, 0, 0, 0, 0
1999, SMF, 36628, 7471, 43.21924, 233, 0, 0, 0, 0, 0
1999, SNA, 38109, 7947, 36.77777, 1102, 0, 0, 0, 0, 0
1999, SRQ, 5223, 1197, 44.25229, 54, 0, 0, 0, 0, 0
1999, STL, 175682, 32623, 48.50663, 3596, 0, 0, 0, 0, 0
1999, STT, 2647, 661, 44.81089, 64, 0, 0, 0, 0, 0
1999, STX, 1062, 244, 41.57786, 38, 0, 0, 0, 0, 0
1999, SUX, 691, 118, 46.33050, 9, 0, 0, 0, 0, 0
1999, SWF, 1366, 413, 49.82082, 71, 0, 0, 0, 0, 0
1999, SYR, 11254, 2943, 43.04689, 397, 0, 0, 0, 0, 0
1999, TLH, 2344, 627, 40.27272, 88, 0, 0, 0, 0, 0
1999, TOL, 1035, 357, 37.72829, 82, 0, 0, 0, 0, 0
1999, TPA, 60201, 14990, 49.62221, 827, 0, 0, 0, 0, 0
1999, TRI, 1359, 271, 34.87822, 83, 0, 0, 0, 0, 0
1999, TUL, 18928, 4124, 46.42749, 274, 0, 0, 0, 0, 0
1999, TUS, 19360, 4790, 42.78559, 250, 0, 0, 0, 0, 0
1999, TVC, 963, 212, 46.84433, 15, 0, 0, 0, 0, 0
1999, TYS, 6746, 1361, 43.16531, 129, 0, 0, 0, 0, 0
1999, VPS, 1093, 160, 47.93125, 3, 0, 0, 0, 0, 0
1999, WRG, 726, 317, 42.16403, 53, 0, 0, 0, 0, 0
1999, YAK, 726, 248, 45.45967, 31, 0, 0, 0, 0, 0
2000, ABE, 6302, 1741, 44.25560, 284, 0, 0, 0, 0, 0
2000, ABQ, 36459, 9603, 45.92710, 457, 0, 0, 0, 0, 0
2000, ADQ, 728, 213, 34.20187, 58, 0, 0, 0, 0, 0
2000, AGS, 993, 189, 39.37037, 21, 0, 0, 0, 0, 0
2000, AKN, 324, 99, 37.57575, 31, 0, 0, 0, 0, 0
2000, ALB, 13712, 3730, 48.25978, 413, 0, 0, 0, 0, 0
2000, AMA, 4789, 1372, 46.39577, 126, 0, 0, 0, 0, 0
2000, ANC, 20789, 7062, 41.31096, 1222, 0, 0, 0, 0, 0
2000, ATL, 265117, 63847, 44.15656, 10088, 0, 0, 0, 0, 0
2000, AUS, 42600, 10584, 47.54374, 728, 0, 0, 0, 0, 0
2000, AVL, 1584, 300, 33.92666, 54, 0, 0, 0, 0, 0
2000, AVP, 1524, 497, 50.83702, 60, 0, 0, 0, 0, 0
2000, AZO, 1039, 235, 43.23404, 28, 0, 0, 0, 0, 0
2000, BDL, 36495, 9301, 47.80163, 1022, 0, 0, 0, 0, 0
2000, BET, 1036, 344, 42.06686, 91, 0, 0, 0, 0, 0
2000, BGM, 796, 202, 44.45049, 14, 0, 0, 0, 0, 0
2000, BHM, 19902, 3826, 47.12650, 283, 0, 0, 0, 0, 0
2000, BIL, 3027, 859, 47.95809, 62, 0, 0, 0, 0, 0
2000, BIS, 1422, 304, 41.10855, 19, 0, 0, 0, 0, 0
2000, BNA, 57688, 11994, 46.88177, 812, 0, 0, 0, 0, 0
2000, BOI, 12569, 3753, 52.48254, 135, 0, 0, 0, 0, 0
2000, BOS, 113094, 37956, 46.30917, 7502, 0, 0, 0, 0, 0
2000, BQN, 18, 7, 35.57142, 1, 0, 0, 0, 0, 0
2000, BRO, 55, 16, 47.00000, , 0, 0, 0, 0, 0
2000, BRW, 959, 289, 33.46366, 96, 0, 0, 0, 0, 0
2000, BTR, 4455, 848, 47.70165, 95, 0, 0, 0, 0, 0
2000, BTV, 2634, 963, 47.19937, 103, 0, 0, 0, 0, 0
2000, BUF, 19073, 5754, 45.09854, 925, 0, 0, 0, 0, 0
2000, BUR, 27714, 8239, 42.15499, 880, 0, 0, 0, 0, 0
2000, BWI, 91217, 22063, 48.97149, 1868, 0, 0, 0, 0, 0
2000, BZN, 1862, 448, 41.64508, 14, 0, 0, 0, 0, 0
2000, CAE, 4885, 1049, 36.48617, 271, 0, 0, 0, 0, 0
2000, CAK, 1052, 200, 39.58500, 20, 0, 0, 0, 0, 0
2000, CDV, 728, 212, 55.43867, 20, 0, 0, 0, 0, 0
2000, CHA, 1074, 196, 33.63775, 38, 0, 0, 0, 0, 0
2000, CHS, 6948, 1609, 38.72218, 256, 0, 0, 0, 0, 0
2000, CID, 5147, 1516, 44.86411, 320, 0, 0, 0, 0, 0
2000, CLE, 55596, 13004, 46.76138, 1336, 0, 0, 0, 0, 0
2000, CLT, 130619, 27344, 41.06937, 4248, 0, 0, 0, 0, 0
2000, CMH, 35703, 9046, 45.73502, 1057, 0, 0, 0, 0, 0
2000, COS, 12413, 3539, 48.58462, 397, 0, 0, 0, 0, 0
2000, CRP, 3094, 741, 45.71524, 70, 0, 0, 0, 0, 0
2000, CRW, 1146, 270, 37.57407, 43, 0, 0, 0, 0, 0
2000, CVG, 73772, 14272, 43.85012, 2332, 0, 0, 0, 0, 0
2000, DAB, 2037, 467, 47.89293, 31, 0, 0, 0, 0, 0
2000, DAL, 48526, 10838, 42.12317, 1431, 0, 0, 0, 0, 0
2000, DAY, 11165, 2983, 43.93094, 494, 0, 0, 0, 0, 0
2000, DCA, 85806, 19682, 36.82440, 4145, 0, 0, 0, 0, 0
2000, DEN, 137296, 42071, 48.66050, 4388, 0, 0, 0, 0, 0
2000, DFW, 247029, 52254, 45.44069, 9120, 0, 0, 0, 0, 0
2000, DLG, 302, 114, 51.28947, 30, 0, 0, 0, 0, 0
2000, DLH, 1032, 235, 42.19574, 40, 0, 0, 0, 0, 0
2000, DRO, 118, 25, 37.96000, 1, 0, 0, 0, 0, 0
2000, DSM, 6676, 2001, 49.46276, 201, 0, 0, 0, 0, 0
2000, DTW, 153502, 31094, 48.37788, 5156, 0, 0, 0, 0, 0
2000, DUT, 662, 296, 22.04054, 164, 0, 0, 0, 0, 0
2000, EGE, 1188, 410, 54.32439, 23, 0, 0, 0, 0, 0
2000, ELM, 1406, 272, 36.69852, 39, 0, 0, 0, 0, 0
2000, ELP, 23683, 6034, 43.62893, 286, 0, 0, 0, 0, 0
2000, ERI, 1440, 309, 36.55339, 64, 0, 0, 0, 0, 0
2000, EUG, 2147, 828, 57.46497, 80, 0, 0, 0, 0, 0
2000, EWR, 124496, 37322, 53.34813, 6336, 0, 0, 0, 0, 0
2000, FAI, 5383, 1536, 40.19791, 255, 0, 0, 0, 0, 0
2000, FAR, 2347, 510, 39.58627, 49, 0, 0, 0, 0, 0
2000, FAT, 366, 91, 55.52747, 4, 0, 0, 0, 0, 0
2000, FAY, 1414, 255, 34.74117, 55, 0, 0, 0, 0, 0
2000, FCA, 1569, 286, 44.09440, 17, 0, 0, 0, 0, 0
2000, FLL, 50590, 13246, 52.50226, 731, 0, 0, 0, 0, 0
2000, FNT, 1280, 349, 41.12893, 37, 0, 0, 0, 0, 0
2000, FSD, 3487, 738, 44.82520, 52, 0, 0, 0, 0, 0
2000, FWA, 445, 98, 36.22448, 19, 0, 0, 0, 0, 0
2000, GEG, 13255, 3772, 46.06627, 305, 0, 0, 0, 0, 0
2000, GFK, 1024, 205, 44.46829, 19, 0, 0, 0, 0, 0
2000, GPT, 1079, 127, 43.74803, 17, 0, 0, 0, 0, 0
2000, GRB, 2903, 701, 43.99572, 66, 0, 0, 0, 0, 0
2000, GRR, 8002, 2116, 47.52221, 227, 0, 0, 0, 0, 0
2000, GSO, 15190, 4067, 46.09515, 627, 0, 0, 0, 0, 0
2000, GSP, 6890, 1592, 40.55150, 380, 0, 0, 0, 0, 0
2000, GST, 91, 26, 38.38461, 3, 0, 0, 0, 0, 0
2000, GTF, 2339, 406, 38.00000, 30, 0, 0, 0, 0, 0
2000, GUC, 221, 77, 45.53246, 2, 0, 0, 0, 0, 0
2000, HDN, 690, 198, 40.99494, 11, 0, 0, 0, 0, 0
2000, HLN, 718, 131, 42.08396, 10, 0, 0, 0, 0, 0
2000, HNL, 16877, 3617, 60.33342, 212, 0, 0, 0, 0, 0
2000, HOU, 56320, 12688, 42.47816, 1213, 0, 0, 0, 0, 0
2000, HPN, 5000, 1802, 38.44617, 579, 0, 0, 0, 0, 0
2000, HRL, 4167, 999, 44.62662, 87, 0, 0, 0, 0, 0
2000, HSV, 5771, 1378, 40.67343, 270, 0, 0, 0, 0, 0
2000, IAD, 65479, 19228, 45.10167, 3612, 0, 0, 0, 0, 0
2000, IAH, 131084, 26055, 49.03197, 1881, 0, 0, 0, 0, 0
2000, ICT, 6541, 1817, 48.70115, 269, 0, 0, 0, 0, 0
2000, ILM, 2195, 492, 38.31707, 61, 0, 0, 0, 0, 0
2000, IND, 35268, 9388, 46.18118, 916, 0, 0, 0, 0, 0
2000, ISP, 8443, 1551, 46.78014, 107, 0, 0, 0, 0, 0
2000, ITH, 1407, 276, 37.22463, 29, 0, 0, 0, 0, 0
2000, ITO, 914, 79, 27.82278, 1, 0, 0, 0, 0, 0
2000, JAC, 863, 344, 56.48255, 17, 0, 0, 0, 0, 0
2000, JAN, 8989, 1728, 44.86863, 134, 0, 0, 0, 0, 0
2000, JAX, 24641, 5689, 49.15732, 352, 0, 0, 0, 0, 0
2000, JFK, 45493, 12320, 49.38685, 1382, 0, 0, 0, 0, 0
2000, JNU, 4494, 1185, 46.91983, 82, 0, 0, 0, 0, 0
2000, KOA, 2499, 456, 47.19736, 21, 0, 0, 0, 0, 0
2000, KTN, 2507, 686, 48.37172, 50, 0, 0, 0, 0, 0
2000, LAN, 2461, 549, 41.97996, 69, 0, 0, 0, 0, 0
2000, LAS, 137789, 39124, 46.58861, 2247, 0, 0, 0, 0, 0
2000, LAX, 212151, 68423, 45.19893, 8149, 0, 0, 0, 0, 0
2000, LBB, 5682, 1401, 40.17344, 140, 0, 0, 0, 0, 0
2000, LEX, 3549, 853, 43.10433, 113, 0, 0, 0, 0, 0
2000, LGA, 104112, 43586, 47.50903, 7287, 0, 0, 0, 0, 0
2000, LGB, 3672, 923, 37.19934, 160, 0, 0, 0, 0, 0
2000, LIH, 2102, 292, 34.95547, 44, 0, 0, 0, 0, 0
2000, LIT, 13556, 3170, 46.35709, 316, 0, 0, 0, 0, 0
2000, LNK, 2743, 828, 47.78502, 57, 0, 0, 0, 0, 0
2000, LSE, 440, 76, 41.75000, 10, 0, 0, 0, 0, 0
2000, LWB, 82, 12, 32.41666, , 0, 0, 0, 0, 0
2000, MAF, 5347, 1342, 41.98062, 99, 0, 0, 0, 0, 0
2000, MBS, 3911, 1097, 43.51504, 185, 0, 0, 0, 0, 0
2000, MCI, 62103, 15114, 47.33684, 1085, 0, 0, 0, 0, 0
2000, MCO, 99975, 25057, 50.40531, 1881, 0, 0, 0, 0, 0
2000, MDT, 7338, 2097, 47.56938, 323, 0, 0, 0, 0, 0
2000, MDW, 53329, 12236, 45.62577, 1032, 0, 0, 0, 0, 0
2000, MEM, 54526, 8970, 45.29710, 1254, 0, 0, 0, 0, 0
2000, MFE, 3518, 759, 53.04084, 29, 0, 0, 0, 0, 0
2000, MFR, 1538, 551, 56.73321, 53, 0, 0, 0, 0, 0
2000, MGM, 991, 197, 42.82741, 15, 0, 0, 0, 0, 0
2000, MHT, 13734, 3694, 49.93611, 285, 0, 0, 0, 0, 0
2000, MIA, 66962, 16833, 52.93186, 1371, 0, 0, 0, 0, 0
2000, MIB, 89, 10, 29.10000, 1, 0, 0, 0, 0, 0
2000, MKE, 15412, 3960, 42.90833, 539, 0, 0, 0, 0, 0
2000, MLB, 1452, 271, 52.29520, 18, 0, 0, 0, 0, 0
2000, MLI, 1961, 443, 43.91647, 82, 0, 0, 0, 0, 0
2000, MLU, 2176, 525, 50.55428, 61, 0, 0, 0, 0, 0
2000, MOB, 4332, 977, 41.51484, 175, 0, 0, 0, 0, 0
2000, MOT, 1006, 192, 48.84375, 9, 0, 0, 0, 0, 0
2000, MRY, 341, 128, 29.50781, 49, 0, 0, 0, 0, 0
2000, MSN, 3974, 975, 45.29333, 122, 0, 0, 0, 0, 0
2000, MSO, 1865, 369, 40.62872, 19, 0, 0, 0, 0, 0
2000, MSP, 147279, 29194, 46.53452, 4606, 0, 0, 0, 0, 0
2000, MSY, 51174, 11690, 47.55654, 601, 0, 0, 0, 0, 0
2000, MTJ, 198, 39, 28.79487, 1, 0, 0, 0, 0, 0
2000, MYR, 2746, 696, 39.57183, 51, 0, 0, 0, 0, 0
2000, OAK, 57161, 14928, 44.46697, 898, 0, 0, 0, 0, 0
2000, OGG, 5593, 994, 50.14989, 46, 0, 0, 0, 0, 0
2000, OKC, 19878, 5321, 48.53279, 330, 0, 0, 0, 0, 0
2000, OMA, 17294, 4828, 49.24710, 286, 0, 0, 0, 0, 0
2000, OME, 940, 319, 41.71473, 56, 0, 0, 0, 0, 0
2000, ONT, 35911, 9855, 45.63490, 740, 0, 0, 0, 0, 0
2000, ORD, 296868, 106207, 49.32674, 20409, 0, 0, 0, 0, 0
2000, ORF, 15999, 4102, 44.78620, 542, 0, 0, 0, 0, 0
2000, OTZ, 882, 284, 44.03169, 28, 0, 0, 0, 0, 0
2000, PBI, 22994, 6526, 51.28194, 402, 0, 0, 0, 0, 0
2000, PDX, 57248, 15525, 46.29069, 1353, 0, 0, 0, 0, 0
2000, PHL, 121136, 38944, 45.06116, 5931, 0, 0, 0, 0, 0
2000, PHX, 188907, 52073, 45.61678, 5608, 0, 0, 0, 0, 0
2000, PIA, 16, 4, 23.75000, 1, 0, 0, 0, 0, 0
2000, PIT, 106275, 24098, 43.25246, 3595, 0, 0, 0, 0, 0
2000, PNS, 5749, 1302, 42.59293, 178, 0, 0, 0, 0, 0
2000, PSC, 1454, 230, 40.92173, 28, 0, 0, 0, 0, 0
2000, PSG, 728, 238, 47.28571, 27, 0, 0, 0, 0, 0
2000, PSP, 4661, 1333, 45.33833, 114, 0, 0, 0, 0, 0
2000, PVD, 25984, 6173, 48.18840, 545, 0, 0, 0, 0, 0
2000, PWM, 6108, 1764, 43.96541, 227, 0, 0, 0, 0, 0
2000, RAP, 1275, 245, 42.30612, 20, 0, 0, 0, 0, 0
2000, RDU, 35992, 9284, 46.00775, 1137, 0, 0, 0, 0, 0
2000, RIC, 17365, 4435, 40.95129, 895, 0, 0, 0, 0, 0
2000, RNO, 30670, 7930, 48.54274, 367, 0, 0, 0, 0, 0
2000, ROA, 2217, 511, 35.27592, 96, 0, 0, 0, 0, 0
2000, ROC, 13968, 4293, 43.96901, 727, 0, 0, 0, 0, 0
2000, RST, 2228, 654, 44.64067, 117, 0, 0, 0, 0, 0
2000, RSW, 14962, 3814, 49.32905, 207, 0, 0, 0, 0, 0
2000, SAN, 72513, 20344, 43.72591, 1355, 0, 0, 0, 0, 0
2000, SAT, 38726, 9535, 47.31609, 570, 0, 0, 0, 0, 0
2000, SAV, 5378, 1215, 41.92181, 109, 0, 0, 0, 0, 0
2000, SBA, 2598, 910, 48.71758, 129, 0, 0, 0, 0, 0
2000, SBN, 2016, 456, 40.49342, 74, 0, 0, 0, 0, 0
2000, SCC, 382, 126, 36.34126, 41, 0, 0, 0, 0, 0
2000, SDF, 22532, 5028, 49.41567, 437, 0, 0, 0, 0, 0
2000, SEA, 104916, 32643, 45.52550, 3281, 0, 0, 0, 0, 0
2000, SFO, 135052, 51674, 54.58518, 7270, 0, 0, 0, 0, 0
2000, SGF, 2065, 409, 44.83374, 74, 0, 0, 0, 0, 0
2000, SHV, 3525, 780, 45.95000, 115, 0, 0, 0, 0, 0
2000, SIT, 1311, 356, 48.65730, 21, 0, 0, 0, 0, 0
2000, SJC, 67720, 18650, 43.83179, 1487, 0, 0, 0, 0, 0
2000, SJU, 25170, 5847, 52.60766, 374, 0, 0, 0, 0, 0
2000, SLC, 80576, 17882, 45.33407, 1663, 0, 0, 0, 0, 0
2000, SMF, 38814, 10900, 46.42788, 417, 0, 0, 0, 0, 0
2000, SNA, 43545, 11397, 37.16442, 1659, 0, 0, 0, 0, 0
2000, SRQ, 4955, 1125, 43.04177, 64, 0, 0, 0, 0, 0
2000, STL, 169596, 36824, 50.63548, 3830, 0, 0, 0, 0, 0
2000, STT, 2769, 629, 48.65023, 27, 0, 0, 0, 0, 0
2000, STX, 732, 156, 47.59615, 10, 0, 0, 0, 0, 0
2000, SUX, 690, 126, 41.24603, 10, 0, 0, 0, 0, 0
2000, SWF, 1279, 441, 49.07256, 73, 0, 0, 0, 0, 0
2000, SYR, 11397, 3149, 44.28675, 428, 0, 0, 0, 0, 0
2000, TLH, 2122, 509, 45.45972, 73, 0, 0, 0, 0, 0
2000, TOL, 902, 228, 39.24122, 55, 0, 0, 0, 0, 0
2000, TPA, 64669, 16562, 51.03592, 1065, 0, 0, 0, 0, 0
2000, TRI, 1152, 244, 31.81967, 83, 0, 0, 0, 0, 0
2000, TUL, 19989, 4786, 49.35039, 379, 0, 0, 0, 0, 0
2000, TUS, 20111, 5814, 44.33574, 468, 0, 0, 0, 0, 0
2000, TVC, 1111, 263, 49.38403, 20, 0, 0, 0, 0, 0
2000, TYS, 6984, 1638, 45.23748, 188, 0, 0, 0, 0, 0
2000, VPS, 1310, 200, 47.21500, 11, 0, 0, 0, 0, 0
2000, WRG, 728, 224, 45.42857, 31, 0, 0, 0, 0, 0
2000, YAK, 727, 246, 50.28861, 31, 0, 0, 0, 0, 0
